"forward_passes","foul_won_penalty","goal_assists","goals","ground_duels_won","hit_woodwork","open_play_passes","recoveries","successful_dribbles","total_passes","total_shots","total_touches_in_opposition_box"
99,0,0,0,1,0,45,38,0,115,0,0
0,0,0,0,0,0,0,0,0,0,0,0
14,0,0,1,66,1,167,29,34,168,10,58
45,0,0,3,24,2,137,21,7,154,14,29
20,0,2,0,35,0,128,20,24,128,7,31
155,1,0,3,114,1,554,93,46,587,25,58
357,0,1,1,151,0,909,163,48,933,18,51
0,0,0,0,0,0,0,0,0,0,0,0
0,0,0,0,0,0,0,0,0,0,0,0
161,0,2,0,128,2,534,108,41,576,36,51
0,0,0,0,0,0,0,0,0,0,0,0
0,0,0,0,0,0,0,0,0,0,0,0
256,0,0,0,56,0,570,80,14,593,4,10
214,0,0,0,2,0,177,113,0,312,0,0
0,0,0,0,0,0,0,0,0,0,0,0
87,0,0,0,49,0,293,41,13,295,13,28
0,0,0,0,0,0,0,0,0,0,0,0
0,0,0,0,0,0,0,0,0,0,0,0
134,0,2,3,44,1,522,65,10,533,14,36
0,0,0,0,0,0,0,0,0,0,0,0
103,0,1,0,68,0,311,54,29,311,9,18
58,0,0,0,23,0,155,37,6,159,7,20
154,0,1,2,125,0,566,88,31,577,10,53
0,0,0,0,0,0,0,0,0,0,0,0
279,0,0,2,74,0,866,127,12,903,4,18
0,0,0,0,0,0,0,0,0,0,0,0
1,0,0,0,0,0,7,0,0,7,1,2
31,0,1,0,18,1,116,17,8,120,14,29
726,0,2,2,53,0,1618,190,5,1712,19,42
599,1,3,3,117,0,1560,260,39,1602,20,76
12,0,0,0,0,0,16,2,0,25,0,0
66,0,0,0,11,0,171,22,0,175,0,1
0,0,0,0,0,0,0,0,0,0,0,0
242,0,6,3,122,1,677,105,33,717,34,86
84,0,0,0,27,0,204,28,3,210,1,4
4,0,0,0,2,0,6,2,2,7,0,0
92,0,2,6,80,4,382,56,44,417,54,142
74,2,0,4,72,2,421,61,38,447,26,106
0,0,0,0,0,0,0,0,0,0,0,0
639,0,2,2,174,2,1232,278,24,1274,24,45
0,0,0,0,0,0,0,0,0,0,0,0
276,0,4,4,91,2,723,119,31,732,18,83
255,0,1,1,47,0,534,95,6,543,1,6
52,0,1,0,54,0,189,34,15,191,8,28
55,0,1,1,46,0,176,39,15,176,7,28
2,0,0,0,0,0,2,0,0,2,1,0
165,0,0,0,26,0,594,66,3,607,2,10
0,0,0,0,0,0,0,0,0,0,0,0
9,0,0,0,2,0,41,4,1,43,2,4
407,0,4,0,83,0,1114,137,18,1138,5,33
24,0,0,0,0,0,40,16,0,67,0,0
289,0,1,0,54,1,895,100,6,927,10,13
66,0,2,2,42,0,179,48,14,181,16,33
22,1,0,4,19,0,146,10,4,154,13,37
102,1,2,8,64,3,328,50,11,343,40,96
71,4,2,7,82,1,240,64,36,255,40,86
20,0,1,0,20,0,145,7,7,151,6,23
129,0,4,3,75,1,639,72,19,658,35,72
196,0,0,0,38,0,396,54,0,428,1,2
5,0,0,0,3,0,20,4,1,20,0,0
0,0,0,0,0,0,0,0,0,0,0,0
0,0,0,0,0,0,0,0,0,0,0,0
0,0,0,0,0,0,0,0,0,0,0,0
0,0,0,0,0,0,0,0,0,0,0,0
171,0,1,6,94,1,609,114,31,614,24,69
241,0,0,2,29,1,590,66,0,620,6,14
75,0,0,0,0,0,37,26,0,98,0,0
225,0,0,1,98,0,628,148,18,651,12,25
0,0,0,0,0,0,0,0,0,0,0,0
206,0,0,0,18,0,523,67,2,537,2,4
466,0,1,4,47,1,1102,123,6,1136,10,14
0,0,0,0,0,0,0,0,0,0,0,0
0,0,0,0,0,0,0,0,0,0,0,0
59,0,3,10,58,1,332,31,33,348,47,136
88,0,0,0,13,0,278,37,3,286,0,0
18,0,0,2,21,1,109,18,4,111,14,30
118,0,0,0,44,0,370,65,9,371,6,20
0,0,0,0,0,0,0,0,0,0,0,0
395,0,0,1,16,0,952,54,0,988,9,11
22,0,0,0,7,0,137,13,1,139,1,7
3,0,0,0,1,0,10,0,0,11,0,3
54,1,2,1,50,3,233,47,29,240,31,23
0,0,0,0,0,0,0,0,0,0,0,0
241,0,1,0,114,1,1054,130,33,1104,19,5
67,2,0,10,48,2,299,33,13,333,30,89
64,0,1,6,41,0,236,47,14,253,10,47
39,0,5,5,32,1,236,36,11,251,22,81
453,0,5,4,155,1,1441,199,34,1461,36,86
383,1,0,1,47,0,735,113,7,757,16,31
62,0,1,0,49,0,188,54,17,191,7,32
0,0,0,0,0,0,0,0,0,0,0,0
208,0,2,1,81,0,802,129,17,820,31,15
0,0,0,0,0,0,0,0,0,0,0,0
1,0,0,0,0,0,4,0,0,4,0,0
259,0,0,0,80,0,627,112,12,645,8,9
19,1,1,0,19,1,88,12,7,93,6,21
0,0,0,0,0,0,0,0,0,0,0,0
302,0,0,0,74,0,669,99,23,682,1,16
62,0,0,0,9,0,162,21,1,165,1,3
0,0,0,0,0,0,0,0,0,0,0,0
0,0,0,0,1,0,2,0,1,2,0,0
293,0,0,0,62,0,615,111,9,633,5,12
288,0,5,11,94,1,738,138,19,825,36,57
541,1,3,1,136,1,1912,230,19,1962,28,32
0,0,0,0,0,0,0,0,0,0,0,0
0,0,0,0,0,0,0,0,0,0,0,0
0,0,0,0,0,0,0,0,0,0,0,0
242,0,0,1,24,0,546,63,2,564,6,17
153,0,1,6,73,2,453,77,18,463,50,54
0,0,0,0,0,0,0,0,0,0,0,0
303,0,0,0,1,0,254,111,0,451,0,0
13,0,0,1,0,0,39,4,0,39,1,4
265,0,1,0,25,0,801,60,1,813,1,5
29,0,0,1,6,0,54,8,2,57,1,3
0,0,0,0,0,0,0,0,0,0,0,0
287,0,1,1,45,0,584,78,20,606,6,6
23,0,0,0,4,0,73,12,0,76,1,1
55,0,0,0,0,0,42,28,0,75,0,0
67,0,2,2,32,0,342,53,10,342,17,37
0,0,0,0,0,0,0,0,0,0,0,0
2,0,0,0,0,0,7,2,0,7,1,0
0,0,0,0,0,0,0,0,0,0,0,0
0,0,0,0,0,0,0,0,0,0,0,0
0,0,0,0,0,0,0,0,0,0,0,0
478,0,3,0,122,1,977,193,15,1041,13,13
283,0,3,1,48,0,883,98,12,916,5,6
80,0,0,0,19,0,256,25,5,260,6,9
371,0,0,0,61,1,1009,132,4,1027,8,12
32,1,2,4,45,1,163,32,18,188,22,60
1,0,0,0,3,0,3,1,0,3,0,0
282,0,3,3,181,0,851,175,60,886,24,90
362,0,1,2,56,0,888,161,4,944,15,20
270,0,3,1,64,0,991,97,10,1007,8,40
408,0,0,0,4,0,329,163,0,637,0,0
658,0,10,2,123,0,1848,192,25,1990,11,18
0,0,0,0,0,0,0,0,0,0,0,0
3,0,0,0,2,0,7,0,1,7,0,0
6,0,0,0,2,0,17,4,1,17,0,0
236,0,2,1,74,0,833,143,15,873,9,83
95,0,2,4,87,0,347,85,34,353,26,46
0,0,0,0,0,0,0,0,0,0,0,0
21,1,0,2,21,0,110,12,8,120,18,38
0,0,0,0,0,0,0,0,0,0,0,0
619,0,3,2,33,0,1854,141,4,1888,14,42
623,0,0,4,50,0,1422,221,3,1461,26,57
0,0,0,0,0,0,0,0,0,0,0,0
168,0,0,0,26,0,414,56,2,426,5,7
274,2,4,2,82,1,1003,91,29,1016,16,81
917,0,0,0,2,0,471,342,0,1079,0,0
225,0,0,0,32,0,709,96,6,744,16,11
47,1,1,0,27,0,133,35,6,141,7,22
625,0,6,4,141,0,1792,186,42,1907,12,37
0,0,0,0,0,0,0,0,0,0,0,0
0,0,0,0,0,0,0,0,0,0,0,0
6,0,0,0,0,0,2,1,0,6,0,0
252,0,0,0,29,0,683,85,1,718,2,9
15,0,0,0,8,0,54,10,6,54,1,6
0,0,0,0,0,0,0,0,0,0,0,0
511,0,0,0,3,0,460,343,0,950,0,0
0,0,0,0,0,0,0,0,0,0,0,0
0,0,0,0,0,0,0,0,0,0,0,0
409,0,0,0,70,0,833,111,12,858,7,12
375,1,1,0,99,0,705,164,23,730,14,16
640,0,1,0,97,0,1287,222,18,1320,2,12
341,0,0,1,34,0,701,93,2,731,4,15
16,0,0,0,0,0,13,10,0,25,0,0
27,0,0,0,9,0,68,8,1,70,0,3
70,0,1,0,61,0,379,24,25,385,9,68
605,1,2,1,100,1,1894,204,11,1993,26,40
492,0,0,0,0,0,369,231,0,722,0,0
337,0,1,1,37,0,892,70,4,902,5,6
113,0,1,1,69,0,362,73,14,373,21,40
206,0,1,2,103,0,826,85,22,842,10,23
311,0,1,1,134,0,1120,152,17,1136,11,60
209,0,1,16,129,2,605,77,25,633,62,138
218,0,3,3,111,2,608,95,38,640,25,45
75,0,0,0,22,0,199,28,10,199,0,4
446,0,0,1,48,0,1086,149,5,1152,8,18
61,0,0,0,5,0,193,24,0,200,3,4
544,0,0,0,34,0,1628,95,2,1672,4,10
105,0,1,0,6,0,164,14,0,169,1,2
108,0,2,5,62,1,462,54,18,468,18,52
0,0,0,0,1,0,1,0,0,1,0,0
206,0,0,0,20,0,578,56,0,599,8,12
369,0,1,1,128,0,1282,135,41,1315,11,16
30,0,0,1,30,0,150,29,14,157,9,34
38,0,0,0,40,0,131,33,11,135,3,22
272,0,2,0,44,1,641,110,1,664,10,13
102,0,0,0,26,0,343,46,0,347,0,1
294,0,1,0,77,3,1138,127,32,1148,28,41
264,0,1,2,36,1,745,100,2,771,11,21
364,1,1,2,83,0,1173,98,35,1186,9,41
297,0,1,1,42,0,1212,131,7,1244,4,10
259,0,0,0,27,0,587,46,4,620,1,4
0,0,0,0,0,0,0,0,0,0,0,0
48,1,0,2,37,0,192,31,9,212,20,40
746,0,0,0,3,0,379,270,0,944,0,0
14,0,0,1,10,0,107,9,2,113,9,14
88,0,4,4,43,0,558,44,13,572,40,94
0,0,0,0,0,0,0,0,0,0,0,0
373,0,6,5,117,1,959,141,44,974,13,54
0,0,0,0,0,0,0,0,0,0,0,0
143,0,1,0,51,1,425,70,7,432,2,6
477,0,0,0,41,1,1085,164,3,1162,19,22
7,0,0,0,5,0,32,6,2,38,3,7
395,0,0,1,100,0,1808,207,19,1872,13,5
0,0,0,0,0,0,0,0,0,0,0,0
477,0,0,1,97,0,1200,210,22,1221,13,28
71,0,0,0,22,0,160,29,9,168,3,2
110,0,1,2,56,0,468,57,17,473,4,25
177,1,3,4,133,3,666,146,20,673,19,52
311,0,0,1,35,0,601,82,5,640,5,18
379,0,3,3,120,2,1622,154,51,1638,17,68
235,0,1,2,34,0,574,125,1,636,6,8
19,0,0,0,14,0,63,11,6,64,1,1
318,0,0,0,2,0,421,191,0,652,0,0
0,0,0,0,0,0,0,0,0,0,0,0
12,0,0,1,3,1,59,4,1,59,13,15
0,0,0,0,0,0,0,0,0,0,0,0
261,1,5,2,160,2,1189,122,53,1196,22,89
268,0,2,1,140,0,983,188,29,993,10,6
306,0,4,0,72,0,912,104,7,962,12,7
161,1,3,9,58,0,425,33,39,432,29,76
491,0,0,1,43,3,1625,165,6,1677,14,29
335,0,0,1,30,1,980,82,3,1023,17,28
485,0,1,2,50,1,991,114,0,1041,8,29
3,0,0,0,5,0,17,5,2,17,0,0
580,0,0,0,2,0,795,254,1,1126,0,0
0,0,0,0,0,0,0,0,0,0,0,0
0,0,0,0,0,0,0,0,0,0,0,0
337,0,0,0,2,0,177,141,0,431,0,0
0,0,0,0,0,0,0,0,0,0,0,0
58,0,0,1,15,0,149,20,3,153,3,9
1,0,0,0,2,0,3,0,0,3,0,1
170,1,0,5,59,0,392,93,7,395,13,25
201,0,2,7,65,0,756,96,12,768,16,28
204,0,2,1,30,0,551,68,3,556,5,17
203,0,0,0,32,0,677,58,0,707,3,5
38,0,1,0,25,0,132,18,8,137,2,2
267,1,6,11,159,2,707,108,64,736,50,94
3,0,0,0,0,0,6,0,0,6,0,0
72,0,0,2,36,2,276,38,8,295,21,40
505,0,2,1,165,1,1400,206,18,1450,13,11
0,0,0,0,0,0,0,0,0,0,0,0
314,0,0,0,126,0,710,115,27,727,1,7
5,0,0,0,6,0,22,7,5,23,3,7
106,2,1,7,81,1,355,64,13,373,26,69
0,0,0,0,0,0,0,0,0,0,0,0
385,0,0,1,116,1,995,169,10,1099,5,11
384,0,1,1,57,0,940,97,8,953,13,43
0,0,0,0,0,0,1,1,0,1,0,0
0,0,0,0,1,0,3,0,0,3,1,1
338,0,2,0,88,0,803,95,22,821,6,46
201,0,0,0,40,0,630,73,16,653,5,7
91,0,1,0,64,0,244,60,23,250,6,38
205,0,6,18,115,1,1209,113,51,1237,65,205
0,0,0,0,0,0,0,0,0,0,0,0
291,0,1,1,117,0,755,187,22,771,17,9
666,0,0,4,68,1,1690,159,8,1749,19,34
370,0,1,0,26,0,1005,90,3,1033,7,12
9,0,0,0,7,0,23,4,2,23,3,0
439,2,10,4,178,0,1243,159,65,1373,31,79
0,0,0,0,0,0,0,0,0,0,0,0
0,0,0,0,0,0,0,0,0,0,0,0
103,0,0,0,58,0,273,51,7,278,10,16
17,0,0,0,7,0,49,11,1,49,2,7
63,0,0,1,34,0,248,19,17,259,5,20
234,0,4,2,147,2,790,161,36,813,38,51
26,0,0,0,8,0,123,18,2,123,3,3
435,0,6,4,82,0,1482,149,8,1556,25,27
0,0,0,0,0,0,0,0,0,0,0,0
339,0,0,0,3,0,250,149,1,498,0,0
81,0,2,2,81,1,223,74,15,225,9,22
0,0,0,0,0,0,0,0,0,0,0,0
556,0,2,1,124,0,1221,166,22,1254,9,42
38,0,0,0,16,0,75,22,3,75,2,5
142,0,0,0,38,0,418,59,10,430,1,2
141,0,1,0,45,1,507,63,24,509,9,31
7,0,0,0,11,0,30,3,3,34,1,7
0,0,0,0,0,0,0,0,0,0,0,0
238,0,1,0,79,1,545,114,11,560,8,14
0,0,0,0,0,0,0,0,0,0,0,0
126,0,5,8,81,4,592,58,28,607,69,204
48,0,0,1,6,0,115,22,0,119,2,5
272,0,0,0,99,0,708,109,26,741,6,6
44,0,0,1,27,0,186,21,4,193,8,36
83,0,2,0,22,0,183,38,4,187,2,10
671,0,0,0,8,0,467,298,2,938,1,1
0,0,0,0,0,0,0,0,0,0,0,0
67,0,1,0,29,0,136,37,5,153,8,10
294,0,1,0,0,0,210,126,0,376,0,0
273,0,4,0,69,0,721,100,9,732,6,19
81,0,0,0,0,0,45,28,0,100,0,0
112,0,0,2,27,0,329,49,2,330,2,3
14,0,0,0,0,0,24,5,0,32,0,0
493,0,3,0,268,1,1596,234,85,1623,16,40
11,0,0,0,6,0,57,9,4,58,2,4
104,0,1,1,40,0,353,62,11,361,8,26
0,0,0,0,0,0,0,0,0,0,0,0
0,0,0,0,0,0,0,0,0,0,0,0
62,0,0,0,22,0,151,13,2,159,0,0
133,0,5,1,79,1,347,67,31,375,28,25
81,0,0,0,20,1,267,26,8,270,5,20
114,0,1,4,79,1,601,91,30,609,26,64
8,0,0,0,4,0,37,4,0,37,0,0
210,0,0,0,30,1,673,61,3,695,4,8
97,0,1,0,56,0,327,83,8,330,5,16
857,0,0,0,7,0,412,358,2,1034,1,1
0,0,0,0,0,0,0,0,0,0,0,0
18,0,0,0,7,0,38,6,0,38,0,1
113,0,4,2,58,0,514,64,19,518,10,58
398,0,3,0,33,0,1089,106,6,1105,8,27
21,0,0,0,0,0,8,15,0,21,0,0
0,0,0,0,0,0,0,0,0,0,0,0
65,0,0,0,10,0,202,20,2,209,0,2
109,0,0,0,57,0,234,61,25,235,3,15
17,0,0,0,0,0,19,14,0,25,0,0
441,0,1,0,110,1,1740,185,23,1796,11,25
0,0,0,0,0,0,0,0,0,0,0,0
0,0,0,0,0,0,0,0,0,0,0,0
57,0,1,0,32,0,217,30,17,234,7,23
0,0,0,0,0,0,0,0,0,0,0,0
2,1,1,0,5,0,5,0,0,5,0,3
625,0,5,2,127,1,1353,234,31,1383,12,27
42,0,0,0,8,0,83,12,1,84,1,2
13,1,0,0,9,0,66,7,4,70,5,19
0,0,0,0,0,0,0,0,0,0,0,0
0,0,0,0,0,0,0,0,0,0,0,0
390,0,3,4,109,2,1398,177,17,1434,21,35
69,0,1,1,47,1,202,29,12,225,19,50
29,0,0,1,13,0,78,9,5,78,2,7
0,0,0,0,0,0,0,0,0,0,0,0
311,0,3,2,67,1,1246,207,13,1289,33,20
18,0,2,1,6,0,73,13,2,78,9,13
53,0,0,0,8,0,129,10,0,137,0,0
0,0,0,0,0,0,0,0,0,0,0,0
35,0,0,0,16,0,71,17,1,72,1,2
0,0,0,0,0,0,0,0,0,0,0,0
57,0,0,0,4,0,108,17,0,108,1,1
880,0,10,2,71,2,2307,214,6,2392,22,66
0,0,0,0,0,0,0,0,0,0,0,0
582,0,0,1,61,1,1042,144,3,1074,14,26
364,0,0,1,80,0,778,147,21,784,6,19
170,0,5,10,49,3,496,47,7,507,38,101
0,0,0,0,0,0,0,0,0,0,0,0
131,0,7,4,89,2,406,96,36,410,36,86
116,0,3,2,93,0,367,60,27,380,8,33
188,0,0,0,53,0,447,53,3,459,5,7
0,0,0,0,0,0,0,0,0,0,0,0
0,0,0,0,0,0,0,0,0,0,0,0
370,2,4,14,88,1,1018,87,18,1052,73,166
51,0,0,0,10,0,119,15,1,121,1,1
14,0,0,0,0,0,26,1,0,28,0,0
583,0,0,0,66,0,1528,164,9,1541,5,12
293,0,2,2,70,0,777,109,21,818,9,19
47,0,0,0,6,0,190,17,1,193,1,1
230,1,4,2,72,0,599,111,16,622,17,21
271,0,1,1,45,0,879,99,8,923,18,26
0,0,0,0,0,0,0,0,0,0,0,0
202,1,7,13,131,3,611,132,64,628,61,157
0,0,0,0,0,0,0,0,0,0,0,0
0,0,0,0,0,0,0,0,0,0,0,0
0,0,0,0,0,0,0,0,0,0,0,0
51,0,0,0,22,0,177,25,1,187,4,2
2,0,0,0,2,0,8,1,1,9,0,1
0,0,0,0,0,0,0,0,0,0,0,0
127,0,4,8,93,2,401,31,31,420,32,57
0,0,0,0,0,0,0,0,0,0,0,0
115,0,0,0,16,0,275,44,1,291,5,7
0,0,0,0,0,0,0,0,0,0,0,0
380,0,0,0,43,0,855,124,10,879,2,6
0,0,0,0,0,0,0,0,0,0,0,0
398,0,1,1,119,1,958,125,28,974,5,18
107,0,1,0,41,0,188,51,5,194,4,3
0,0,0,0,0,0,5,0,0,5,1,2
162,0,2,0,38,0,377,36,4,388,5,11
31,0,0,0,0,0,20,12,0,35,0,0
1,0,0,0,1,0,4,1,0,4,0,0
111,1,4,16,83,0,477,106,29,480,47,88
41,0,0,0,0,0,31,26,0,70,0,0
10,0,0,2,18,0,49,16,3,55,6,17
812,1,1,2,92,0,2043,199,24,2099,10,52
302,0,12,27,56,2,1165,44,36,1220,99,238
233,0,2,0,24,0,726,65,5,732,4,14
242,1,1,1,65,0,838,90,9,872,2,15
255,0,1,0,64,1,642,69,11,659,3,16
113,0,0,2,21,0,191,31,1,203,2,0
79,0,0,2,72,0,301,65,34,305,11,33
130,1,1,5,59,1,473,68,13,487,43,110
16,0,0,1,3,0,59,5,1,60,2,2
81,0,0,2,23,0,230,39,9,235,8,12
0,0,0,0,0,0,0,0,0,0,0,0
277,0,0,0,2,0,202,126,0,407,0,0
16,0,0,0,12,0,44,8,2,44,1,2
0,0,0,0,0,0,0,0,0,0,0,0
529,0,2,1,94,0,1689,169,13,1725,10,26
0,0,0,0,0,0,0,0,0,0,0,0
76,0,0,0,24,0,165,33,2,170,2,2
33,0,0,0,18,1,116,31,6,118,5,22
0,0,0,0,0,0,0,0,0,0,0,0
15,0,0,0,27,0,85,14,6,92,6,23
0,0,0,0,0,0,0,0,0,0,0,0
0,0,0,0,0,0,0,0,0,0,0,0
941,0,0,2,57,2,1702,147,1,1829,15,27
151,0,2,1,87,3,465,77,38,501,26,24
34,0,0,0,1,0,36,18,1,60,0,0
0,0,0,0,0,0,0,0,0,0,0,0
5,0,0,0,2,0,11,1,0,11,0,0
27,0,0,1,25,1,81,15,4,85,6,25
1,0,0,0,0,0,1,0,0,1,0,0
132,0,0,0,3,0,117,65,2,189,0,0
88,0,3,7,124,2,381,65,57,414,35,82
201,0,4,6,123,1,719,114,37,723,41,113
70,0,0,1,11,0,158,25,2,160,2,3
71,0,2,3,17,2,281,34,5,315,10,33
485,0,0,1,141,0,1263,207,22,1272,23,38
321,0,0,3,95,1,1319,103,18,1342,13,59
0,0,0,0,0,0,0,0,0,0,0,0
148,0,1,0,30,0,413,41,2,421,3,11
0,0,0,0,0,0,0,0,0,0,0,0
0,0,0,0,0,0,0,0,0,0,0,0
278,0,0,0,14,0,665,68,0,699,6,15
0,0,0,0,0,0,0,0,0,0,0,0
453,0,3,3,150,1,1215,217,28,1323,15,23
229,0,3,1,137,0,726,192,70,738,34,100
78,2,2,11,39,1,453,42,6,491,49,90
164,0,4,8,105,3,585,86,44,617,60,116
4,0,0,0,1,0,6,1,1,6,0,0
11,0,3,1,7,1,64,9,3,67,11,27
464,0,8,2,82,2,1565,123,32,1639,15,53
32,0,0,6,23,2,171,23,3,182,22,51
837,0,0,0,8,0,427,372,2,1025,0,0
288,0,0,2,97,1,821,160,26,830,27,30
19,0,0,0,9,0,58,12,4,62,10,22
411,0,0,0,4,0,258,155,0,574,0,0
173,0,1,0,83,0,486,81,32,526,3,12
228,0,0,2,59,0,619,78,13,645,4,5
371,0,3,1,112,0,853,132,24,859,4,38
454,1,4,6,95,0,1149,113,8,1190,31,57
24,0,1,1,12,0,86,13,1,99,3,8
0,0,0,0,0,0,0,0,0,0,0,0
0,0,0,0,0,0,0,0,0,0,0,0
443,0,0,1,60,0,1089,99,7,1121,14,26
0,0,0,0,0,0,0,0,0,0,0,0
659,0,1,1,151,0,1890,247,28,1901,14,52
53,0,1,0,24,1,197,24,4,202,4,13
3,0,0,0,3,0,19,4,1,19,0,1
518,0,0,0,6,0,851,241,2,1129,0,0
128,0,2,0,25,0,395,32,9,400,5,14
30,0,1,0,10,0,81,15,2,83,0,2
134,0,0,10,59,0,772,83,27,802,48,82
0,0,0,0,0,0,0,0,0,0,0,0
571,0,3,1,142,0,1493,173,44,1549,10,19
47,1,3,1,50,1,170,34,14,176,25,47
0,0,0,0,0,0,0,0,0,0,0,0
278,0,2,0,86,1,1087,174,19,1089,11,57
0,0,0,0,0,0,0,0,0,0,0,0
15,0,1,1,8,1,53,4,6,60,12,21
0,0,0,0,0,0,3,1,0,3,0,0
133,0,0,0,15,0,299,30,3,308,1,15
10,0,0,0,2,0,21,6,1,22,0,0
445,0,1,2,49,0,1153,126,8,1184,13,27
78,0,0,1,16,0,146,20,2,149,3,2
132,0,0,0,18,0,318,55,4,330,6,10
73,0,0,0,0,0,148,54,0,197,0,0
6,0,1,2,5,0,52,7,2,54,4,12
586,0,0,0,42,0,1286,165,4,1363,3,10
295,0,1,0,70,0,565,79,14,572,3,11
63,0,2,0,7,0,225,21,1,231,6,1
143,0,0,0,11,0,335,43,1,344,0,4
16,0,0,0,7,0,54,7,3,57,2,2
97,0,1,0,30,0,261,27,0,266,4,15
470,0,1,2,90,0,1428,139,17,1452,18,31
51,2,4,6,52,2,196,44,7,206,30,66
63,0,0,0,0,0,49,29,0,93,0,0
445,0,3,1,152,1,1032,195,27,1052,19,67
141,0,0,0,9,0,303,35,0,319,6,11
7,0,1,0,2,0,29,6,0,34,1,4
12,0,0,0,8,0,31,3,2,33,4,8
932,0,0,0,2,0,808,355,0,1328,1,0
360,0,5,0,141,2,1079,182,32,1143,29,17
200,0,2,0,87,0,632,110,14,651,7,7
103,1,1,5,62,1,373,48,5,386,29,81
154,3,2,12,99,1,735,52,45,809,52,140
190,0,2,1,58,1,524,99,7,535,7,12
46,0,0,0,11,0,156,21,2,162,3,10
26,1,1,1,40,1,143,32,13,152,15,47
50,0,1,0,21,0,147,14,6,151,0,3
0,0,0,0,0,0,0,0,0,0,0,0
298,0,0,0,0,0,114,101,0,342,0,0
0,0,0,0,0,0,0,0,0,0,0,0
9,0,0,0,5,0,38,6,2,38,0,0
2,0,0,0,0,0,5,1,0,5,0,0
305,0,0,0,51,0,743,125,6,763,5,10
660,2,2,3,162,2,1701,287,28,1728,33,91
126,0,3,9,66,0,492,86,22,511,29,84
261,0,0,2,52,0,697,98,9,705,11,18
0,0,0,0,0,0,0,0,0,0,0,0
0,0,0,0,0,0,0,0,0,0,0,0
146,0,2,2,39,0,542,76,13,557,8,29
107,0,4,2,50,0,365,52,10,398,5,2
321,0,1,0,64,0,683,144,13,720,6,21
29,0,0,2,23,0,124,23,2,124,9,17
57,0,1,1,28,1,186,55,9,188,11,31
377,0,8,6,217,5,1224,106,82,1318,55,138
344,0,0,3,33,0,959,95,2,992,7,13
0,0,0,0,0,0,0,0,0,0,0,0
532,1,1,0,137,0,1072,170,23,1088,12,34
210,0,0,0,57,0,345,67,7,347,4,7
307,0,1,0,58,0,628,104,7,663,7,21
187,0,0,0,25,0,655,73,0,671,4,3
254,0,1,1,79,0,823,143,10,834,22,61
125,1,0,0,49,0,446,80,11,454,3,10
58,0,0,0,0,0,82,26,0,112,0,0
150,0,1,2,84,0,663,66,34,673,11,28
73,1,0,0,87,0,386,85,44,389,20,90
6,1,0,0,11,0,48,6,4,50,3,18
95,0,0,2,73,0,407,49,23,412,13,35
19,0,0,1,19,0,100,26,4,103,6,11
1,0,0,0,1,0,2,0,1,2,0,1
179,0,0,0,17,0,441,37,1,455,1,10
22,0,0,0,5,0,72,13,1,73,1,0
120,0,1,0,46,0,327,57,10,330,5,7
159,0,0,2,49,0,521,75,13,528,16,42
75,0,0,0,52,2,234,38,30,249,10,14
462,0,0,0,36,0,1506,160,5,1544,7,14
32,0,0,0,0,0,15,15,0,38,0,0
107,0,0,1,18,0,309,54,2,309,8,9
184,1,0,1,29,0,465,60,4,469,13,21
115,0,4,6,62,1,427,48,23,436,24,72
65,0,0,0,19,0,192,35,5,195,4,3
571,0,0,2,73,0,895,158,13,950,17,26
2,0,0,0,1,0,2,3,0,2,0,0
352,0,0,0,79,0,1184,172,12,1227,7,7
21,0,0,0,9,0,63,12,1,65,4,5
0,0,0,0,0,0,0,0,0,0,0,0
132,0,13,1,100,2,654,63,59,666,37,91
59,0,1,1,34,1,317,48,23,327,17,45
0,0,0,0,0,0,0,0,0,0,0,0
0,0,0,0,0,0,0,0,0,0,0,0
0,0,0,0,0,0,0,0,0,0,0,0
393,3,3,1,190,2,906,170,49,917,22,52
140,0,0,1,35,1,375,63,12,394,19,16
15,0,0,0,19,1,95,17,2,97,3,5
0,0,0,0,0,0,0,0,0,0,0,0
0,0,0,0,0,0,0,0,0,0,0,0
39,0,3,1,21,1,150,28,5,170,15,41
201,0,1,5,95,0,880,80,28,896,24,47
176,0,1,2,50,1,510,103,10,520,13,6
0,0,0,0,0,0,0,0,0,0,0,0
806,0,1,5,73,1,1888,191,25,1979,20,35
101,0,0,0,22,0,319,42,6,323,2,3
133,0,1,3,52,0,574,63,15,579,9,23
0,0,0,0,0,0,0,0,0,0,0,0
0,0,0,0,0,0,0,0,0,0,0,0
370,0,0,1,36,0,886,73,2,925,9,11
4,0,0,0,0,0,14,1,0,14,1,1
0,0,0,0,0,0,0,0,0,0,0,0
405,0,0,0,79,0,1180,149,13,1208,7,13
0,0,0,0,0,0,0,0,0,0,0,0
153,0,3,8,85,1,481,104,16,489,23,47
123,0,0,1,47,0,343,64,4,360,13,28
310,1,0,1,39,0,652,127,5,689,11,24
250,0,1,0,64,0,812,126,17,825,11,31
3,0,0,0,3,0,16,3,1,16,2,3
182,0,3,5,58,0,605,53,21,629,34,51
29,0,1,11,13,0,213,17,4,233,31,65
107,1,2,1,50,1,430,62,9,440,16,89
317,0,1,0,102,0,667,135,17,672,15,26
26,0,0,6,23,1,154,17,3,167,28,41
0,0,0,0,0,0,0,0,0,0,0,0
59,0,0,10,33,3,304,49,12,343,52,80
177,0,0,1,99,1,636,90,18,652,11,20
125,2,0,3,63,1,386,56,16,395,27,69
523,0,0,0,40,0,1499,137,3,1555,5,8
249,0,2,6,68,2,578,62,9,582,33,70
1,0,0,0,0,0,1,0,0,1,0,0
242,0,0,0,67,0,767,106,11,777,15,15
17,0,0,0,3,0,24,6,0,25,0,0
274,1,0,0,43,1,580,67,1,598,2,6
106,1,3,17,119,7,678,67,50,720,86,138
275,0,0,0,69,0,567,88,5,581,2,9
130,0,2,2,69,0,476,64,17,489,9,38
263,0,0,0,82,0,812,107,6,851,10,9
115,1,0,5,102,2,382,57,22,440,34,70
68,0,0,1,21,0,441,42,5,450,5,12
53,1,0,2,69,0,236,36,15,241,13,47
35,0,1,1,86,0,179,43,27,179,8,24
497,0,0,1,51,0,1006,150,5,1038,6,16
162,0,3,1,92,5,556,60,41,580,30,66
29,0,2,3,11,0,130,8,3,145,16,36
121,0,2,2,23,0,328,59,5,346,11,12
648,0,1,1,70,2,2085,155,1,2153,13,42
121,0,2,1,41,2,400,54,16,403,13,34
178,0,0,0,59,0,482,82,10,510,3,14
410,0,1,3,138,0,1221,159,25,1290,17,20
105,3,4,4,74,0,609,72,27,626,27,116
111,1,3,7,63,2,399,49,14,448,43,100
0,0,0,0,0,0,0,0,0,0,0,0
481,0,0,4,59,1,1559,135,6,1607,15,29
202,0,0,2,87,0,609,86,11,641,17,19
0,0,0,0,0,0,0,0,0,0,0,0
506,1,4,0,121,1,907,163,5,923,6,19
249,0,6,1,94,1,988,139,24,1035,24,64
23,0,0,0,3,1,46,8,0,47,1,2
11,0,0,0,8,0,44,11,2,44,3,7
115,0,3,1,51,0,321,45,14,338,10,5
122,0,1,4,93,1,462,107,33,474,27,77
12,0,1,0,10,0,46,4,3,46,1,1
0,0,0,0,0,0,0,0,0,0,0,0
378,0,0,0,3,0,323,185,0,629,0,0
455,1,0,0,75,0,1183,142,5,1247,14,26
356,0,3,5,32,1,859,114,5,947,18,8
98,0,1,2,45,0,277,78,9,279,14,30
93,0,3,3,96,2,439,57,67,440,23,126
18,0,0,0,3,0,46,6,0,47,0,0
69,0,0,3,65,0,325,54,13,342,34,63
146,2,3,7,76,2,627,105,12,633,49,100
58,0,0,1,20,0,151,23,3,152,3,6
51,0,0,1,21,0,132,36,3,136,5,4
517,0,2,1,188,1,1412,213,48,1464,25,58
1,0,0,0,1,0,3,1,0,3,0,0
63,0,0,0,22,0,319,18,2,325,3,13
267,0,1,0,34,0,619,52,14,629,7,23
500,0,9,3,136,0,1591,171,53,1650,33,41
83,1,2,8,51,3,365,47,13,384,36,88
487,0,2,1,38,0,1320,103,1,1368,6,15
47,0,1,2,12,1,231,25,3,238,4,8
0,0,0,0,0,0,0,0,0,0,0,0
0,0,0,0,0,0,0,0,0,0,0,0
12,0,0,0,0,0,22,6,0,22,0,0
0,0,0,0,0,0,0,0,0,0,0,0
694,0,0,2,178,0,2673,281,21,2769,10,24
160,0,4,15,82,5,653,90,37,733,77,166
524,0,7,5,92,1,1738,179,29,1788,40,75
0,0,0,0,0,0,0,0,0,0,0,0
264,0,1,2,69,1,535,90,3,561,14,15
922,0,0,0,11,0,504,315,3,1080,0,0
29,0,0,0,38,0,150,29,6,154,7,28
156,0,0,0,14,0,343,49,0,363,1,6
240,0,0,0,0,0,155,92,0,310,0,0
0,0,0,0,0,0,6,0,0,6,0,0
207,0,3,0,88,0,804,93,37,816,11,55
141,0,0,1,15,0,346,27,2,365,3,3
0,0,0,0,0,0,0,0,0,0,0,0
191,0,2,1,37,0,453,33,5,456,4,10
325,1,0,1,61,0,816,146,19,822,10,34
383,0,0,0,22,1,844,106,2,903,4,13
483,0,0,0,75,0,1332,119,8,1376,14,26
641,0,0,0,5,0,397,278,0,790,0,0
36,0,1,0,18,1,163,13,7,168,3,11
129,0,0,0,25,0,205,44,2,218,4,8
0,0,0,0,0,0,0,0,0,0,0,0
144,0,0,1,118,1,433,101,40,443,35,70
155,0,3,3,73,0,489,90,30,496,21,41
79,0,2,2,33,1,256,31,8,260,27,51
439,0,0,0,2,0,695,256,0,947,0,0
225,0,1,0,75,0,472,109,11,478,2,13
0,0,0,0,0,0,0,0,0,0,0,0
279,0,1,2,68,2,775,82,6,787,12,26
0,0,0,0,0,0,0,0,0,0,0,0
167,0,5,4,78,1,654,71,33,679,20,47
165,0,1,0,44,1,485,107,4,501,13,9
0,0,0,0,0,0,4,0,0,5,0,0
214,0,0,0,60,0,575,105,4,577,4,12
0,0,0,0,0,0,0,0,0,0,0,0
610,0,3,1,81,0,2039,125,9,2150,35,24
105,0,1,0,31,0,226,52,8,234,0,3
171,0,1,0,52,1,468,99,20,509,8,8
101,0,1,1,37,1,294,36,12,304,11,22
25,0,0,0,0,0,49,8,0,49,1,2
208,0,0,0,31,0,486,75,3,531,5,13
205,0,0,0,50,0,730,76,14,770,15,21
30,0,0,0,0,0,25,10,0,51,0,0
120,0,0,0,14,0,325,46,3,337,6,10
0,0,0,0,1,0,1,1,0,1,0,0
453,0,0,0,0,0,408,288,0,746,0,0
454,1,0,0,85,1,1220,172,25,1254,10,24
672,0,1,0,100,0,1938,185,14,2015,3,13
172,0,0,0,69,0,489,97,14,499,11,14
0,0,0,0,0,0,0,1,0,0,0,0
162,0,0,1,40,0,408,68,3,432,3,7
154,0,3,5,31,2,440,42,9,450,37,88
211,0,1,0,31,0,622,69,2,635,6,11
0,0,0,0,0,0,0,0,0,0,0,0
270,0,0,0,30,0,774,124,4,796,6,18
176,1,2,3,101,0,556,128,14,564,32,68
199,4,10,17,215,0,1219,105,95,1230,62,260
26,0,0,0,17,0,104,7,5,106,0,7
15,0,0,0,5,0,50,6,0,50,1,2
299,0,0,1,31,0,625,71,4,644,10,13
599,0,5,0,113,0,1360,222,24,1439,17,28
594,0,2,3,34,0,1152,171,0,1236,13,20
387,0,0,0,14,0,858,96,1,890,5,13
409,0,3,2,125,0,1288,128,48,1312,21,45
100,0,4,8,44,1,494,64,6,530,24,53
23,0,0,1,9,0,82,16,1,83,5,18
185,0,0,0,58,0,418,79,5,429,7,10
40,0,0,3,23,0,113,14,2,121,5,21
49,0,0,0,12,0,127,21,1,127,1,1
280,0,1,1,93,0,842,128,19,857,13,24
213,0,6,6,160,3,981,159,88,1022,33,166
0,0,0,0,0,0,0,0,0,0,0,0
424,0,2,0,4,0,589,222,1,954,0,0
421,0,0,0,38,0,963,141,2,1013,4,13
106,0,4,6,91,0,508,83,25,512,24,107
0,0,0,0,0,0,0,0,0,0,0,0
41,1,1,5,24,1,167,28,4,182,34,59
166,0,1,0,27,0,406,37,6,409,4,10
96,0,0,1,75,0,332,50,36,340,4,41
213,0,2,1,52,0,476,81,8,493,5,13
0,0,0,0,0,0,0,0,0,0,0,0
0,0,0,0,0,0,0,0,0,0,0,0
0,0,0,0,0,0,0,0,0,0,0,0
0,0,0,0,0,0,0,0,0,0,0,0
101,0,1,2,57,0,302,59,14,314,12,22
338,0,2,3,79,1,913,164,9,964,13,26
451,1,3,5,137,2,1029,145,23,1047,19,79
647,0,0,0,3,0,714,266,0,1131,0,0
122,0,1,2,102,1,376,78,30,394,17,32
0,0,0,0,0,0,2,2,0,2,0,0
0,0,0,0,0,0,0,0,0,0,0,0
261,0,4,7,89,4,819,187,22,825,56,156
0,0,0,0,0,0,0,0,0,0,0,0
27,0,0,1,17,0,78,18,7,81,3,11
145,1,2,7,59,0,494,40,21,523,57,123
230,1,1,1,49,0,826,88,12,838,3,57
2,0,0,0,1,0,12,2,0,12,0,0
83,0,2,3,36,0,315,39,9,328,18,23
0,0,0,0,0,0,0,0,0,0,0,0
151,0,5,12,74,2,584,78,32,599,33,148
0,0,0,0,0,0,0,0,0,0,0,0
232,0,1,1,44,0,564,83,0,617,16,19
56,1,2,4,51,2,241,47,13,251,25,67
395,0,2,0,54,0,851,144,13,876,2,12
518,0,0,3,54,0,1112,175,2,1193,19,34
188,0,3,2,54,1,603,89,15,616,10,25
375,0,2,1,61,0,842,120,4,867,3,20
363,0,0,2,22,0,918,98,1,965,17,25
162,0,2,0,89,0,543,72,13,557,5,14
95,0,0,0,62,0,417,56,15,426,5,11
200,0,1,0,35,1,646,45,6,654,2,8
149,0,1,0,37,1,369,53,10,381,19,12
297,0,9,3,192,0,855,151,82,916,15,58
445,0,0,0,171,0,1277,218,16,1314,8,10
0,0,0,0,0,0,0,0,0,0,0,0
32,1,0,5,37,0,144,22,15,169,21,70
42,1,1,2,66,0,193,42,27,203,14,31
59,0,3,1,30,2,160,29,4,166,21,43
56,0,0,0,0,0,125,35,0,177,0,0
114,0,0,0,10,0,275,37,0,284,1,0
553,0,0,0,105,0,1071,179,9,1135,8,30
48,0,0,1,18,0,150,19,3,157,5,16
0,0,0,0,1,0,5,1,0,7,1,3
0,0,0,0,0,0,0,0,0,0,0,0
111,0,3,1,44,0,337,37,8,355,18,15
546,1,5,4,149,3,1476,207,28,1540,31,96
34,0,0,0,4,0,61,12,0,61,0,3
100,0,0,0,29,0,198,50,6,200,3,7
0,0,0,0,0,0,0,0,0,0,0,0
126,0,0,0,30,0,287,32,6,296,1,5
574,0,0,2,83,1,1160,155,12,1190,12,32
163,0,3,6,96,1,669,164,25,679,61,93
0,0,0,0,0,0,0,0,0,0,0,0
394,0,1,0,153,0,1161,211,19,1215,9,6
0,0,0,0,0,0,0,0,0,0,0,0
535,1,0,1,125,0,1653,213,7,1717,17,26
0,0,0,0,0,0,0,0,0,0,0,0
0,0,0,0,0,0,0,0,0,0,0,0
0,0,0,0,0,0,0,0,0,0,0,0
0,0,0,0,0,0,0,0,0,0,0,0
157,0,1,3,130,1,747,124,55,787,32,88
0,0,0,0,0,0,0,0,0,0,0,0
205,0,0,1,23,0,457,53,2,473,9,12
0,0,0,0,0,0,0,0,0,0,0,0
316,0,2,0,61,0,816,109,7,884,4,16
189,0,1,0,40,0,509,47,3,530,2,11
0,0,0,0,0,0,0,0,0,0,0,0
103,0,0,0,20,0,316,43,3,330,2,11
2,0,0,0,1,0,21,6,0,21,0,1
154,0,1,2,125,0,566,88,31,577,10,53
645,1,4,0,123,1,2201,244,31,2328,23,26
0,0,0,0,0,0,0,0,0,0,0,0
0,0,0,0,0,0,0,0,0,0,0,0
0,0,0,0,0,0,0,0,0,0,0,0
1,0,0,1,4,0,16,3,0,16,2,1
152,0,0,0,2,0,205,104,0,320,0,0
0,0,0,0,0,0,0,0,0,0,0,0
764,0,2,1,97,1,1624,192,12,1707,23,43
183,0,0,0,31,1,450,73,4,472,4,7
24,0,0,7,18,0,98,17,7,120,21,44
0,0,0,0,0,0,0,0,0,0,0,0
1,0,0,0,0,0,2,0,0,2,0,0
599,1,3,3,117,0,1560,260,39,1602,20,76
342,0,1,1,50,0,722,124,6,750,7,25
1,0,0,0,1,0,2,0,0,2,1,0
458,1,0,2,58,0,1384,150,1,1429,7,30
597,0,0,0,5,0,288,260,0,761,0,0
0,0,0,0,0,0,0,0,0,0,0,0
76,0,3,6,30,0,261,33,11,269,33,62
255,0,1,1,47,0,534,95,6,543,1,6
833,0,0,0,7,0,523,353,2,1077,0,0
501,0,0,0,48,2,1196,154,7,1249,11,4
426,0,0,0,2,0,298,234,0,624,0,0
91,0,0,0,10,0,275,32,0,281,6,3
9,0,0,0,2,0,41,4,1,43,2,4
3,0,0,0,0,0,5,1,0,5,0,0
44,0,1,4,61,0,144,50,14,147,14,48
627,0,1,0,105,0,1808,336,15,1879,1,2
139,0,2,0,35,0,267,54,6,271,7,6
359,0,0,0,1,0,301,182,0,555,0,0
361,0,2,1,123,0,875,174,37,884,11,44
107,0,0,0,19,0,211,27,1,219,0,0
541,0,0,0,5,0,614,305,1,1113,0,0
66,0,2,2,42,0,179,48,14,181,16,33
489,0,5,1,67,0,1311,184,7,1401,17,12
0,0,0,0,0,0,0,0,0,0,0,0
92,0,0,1,13,0,202,24,5,208,3,8
197,0,0,1,66,2,537,98,15,545,11,26
0,0,0,0,0,0,0,0,0,0,0,0
0,0,0,0,0,0,0,0,0,0,0,0
0,0,0,0,0,0,0,0,0,0,0,0
0,0,0,0,0,0,0,0,0,0,0,0
0,0,0,0,0,0,0,0,0,0,0,0
85,0,2,3,66,0,320,69,24,323,9,53
187,1,2,0,83,0,779,108,29,805,14,27
527,0,0,0,22,0,1389,83,0,1419,3,6
0,0,0,0,0,0,0,0,0,0,0,0
28,0,0,4,20,0,154,16,2,176,19,29
550,1,5,1,226,0,1452,228,40,1475,17,82
0,0,0,0,0,0,0,0,0,0,0,0
135,0,3,5,49,2,437,65,23,457,26,62
0,0,0,0,0,0,0,0,0,0,0,0
83,1,2,1,72,0,291,42,25,296,10,48
0,0,0,0,0,0,0,0,0,0,0,0
44,0,2,2,17,1,96,22,4,97,7,20
380,0,0,0,2,0,228,160,0,534,0,0
110,0,0,0,1,0,56,44,0,129,0,0
195,0,4,3,51,1,573,95,6,592,18,34
777,1,0,3,63,2,2348,190,6,2414,22,71
27,0,0,0,22,0,115,21,3,124,7,19
117,0,2,3,96,0,531,113,22,543,13,41
241,0,1,0,114,1,1054,130,33,1104,19,5
20,0,0,0,0,0,66,3,0,67,0,0
0,0,0,0,0,0,0,0,0,0,0,0
124,0,1,4,58,3,512,68,9,519,40,116
312,0,0,1,91,1,753,90,16,764,13,32
0,0,0,0,0,0,0,0,0,0,0,0
20,0,0,0,0,0,69,6,0,70,0,0
191,1,2,22,96,2,656,87,18,721,73,150
53,0,1,5,43,0,165,25,8,190,31,43
206,0,2,2,98,0,769,116,24,776,28,48
238,0,0,0,31,0,684,70,2,710,3,11
77,0,0,3,108,1,359,117,45,362,22,55
338,0,9,5,198,2,1079,231,79,1097,37,68
89,1,3,4,57,0,488,62,11,511,30,48
101,0,1,2,28,0,293,67,5,295,8,16
261,0,0,0,70,1,595,106,13,615,9,16
140,2,1,9,168,2,730,129,41,767,51,136
263,0,0,0,21,0,697,62,1,719,1,4
283,0,1,0,55,1,565,110,15,581,12,8
0,0,0,0,0,0,0,0,0,0,0,0
3,0,0,0,4,0,6,1,2,6,0,1
199,0,0,0,33,0,538,56,0,552,9,14
292,0,0,1,72,0,665,111,14,680,7,9
120,0,0,0,24,0,262,33,5,263,3,13
279,0,1,1,34,0,655,87,2,672,9,11
337,0,3,0,84,0,677,131,8,682,14,23
0,0,0,0,0,0,0,0,0,0,0,0
265,0,0,0,52,2,670,78,5,687,14,21
0,0,0,0,0,0,0,0,0,0,0,0
0,0,0,0,0,0,0,0,0,0,0,0
0,0,0,0,0,0,0,0,0,0,0,0
242,0,0,1,24,0,546,63,2,564,6,17
171,1,4,7,155,1,483,143,34,484,64,167
245,0,0,1,64,0,799,116,11,821,8,16
0,0,0,0,0,0,0,0,0,0,0,0
524,0,0,1,27,0,1431,138,4,1491,6,14
260,0,0,0,2,0,199,108,0,387,0,0
317,0,3,1,75,0,646,101,19,651,8,21
24,0,0,1,19,0,72,9,7,76,6,19
0,0,0,0,5,0,7,5,2,7,2,9
461,0,2,1,79,0,1185,158,8,1225,7,15
53,3,2,23,62,3,308,55,7,368,85,161
159,0,0,0,28,2,332,42,2,339,8,11
228,0,5,11,72,2,661,114,33,679,49,84
55,0,0,0,0,0,42,28,0,75,0,0
201,0,1,1,46,0,567,77,8,589,19,5
228,0,0,1,60,0,831,113,12,856,6,12
647,0,0,0,9,0,564,252,0,992,0,0
62,0,1,2,33,0,254,38,13,264,29,58
2,0,0,0,0,0,7,2,0,7,1,0
417,0,5,0,164,1,1159,257,58,1177,24,45
0,0,0,0,0,0,0,0,0,0,0,0
181,0,3,2,71,2,575,71,17,598,21,36
606,0,0,0,93,0,1682,215,11,1770,14,20
7,0,0,0,4,0,19,0,3,19,1,8
66,0,1,0,36,2,279,25,12,289,3,17
0,0,0,0,0,0,0,0,0,0,0,0
0,0,0,0,0,0,0,0,0,0,0,0
0,0,0,0,0,0,0,0,0,0,0,0
38,0,0,1,14,0,96,24,2,97,8,12
198,0,0,0,1,0,152,88,0,312,0,0
586,0,0,1,62,0,1716,207,7,1756,10,31
127,0,5,5,128,2,488,71,49,521,45,121
8,0,0,0,0,0,6,7,0,12,0,0
200,0,1,0,1,0,161,85,0,291,0,0
494,0,0,0,5,0,396,203,0,772,0,0
281,0,1,7,70,2,1016,152,33,1030,47,72
0,0,0,0,0,0,0,0,0,0,0,0
62,0,0,0,5,0,146,16,0,152,1,1
0,0,0,0,0,0,0,0,0,0,0,0
10,0,0,0,1,0,27,4,0,29,1,5
36,0,0,0,24,0,166,21,7,170,2,1
0,0,0,0,0,0,0,0,0,0,0,0
21,1,0,2,21,0,110,12,8,120,18,38
18,0,2,0,16,0,63,10,10,64,2,15
0,0,0,0,0,0,0,0,0,0,0,0
50,0,1,0,29,1,158,31,8,163,13,38
0,0,0,0,0,0,0,0,0,0,0,0
3,0,0,0,2,0,8,4,0,8,0,0
620,0,1,1,77,0,1760,219,12,1828,7,40
0,0,0,0,0,0,0,0,0,0,0,0
584,0,0,1,46,0,1399,200,8,1467,7,28
122,0,1,0,58,0,369,67,24,388,13,26
135,0,0,0,35,0,323,46,6,326,6,6
750,0,1,7,54,0,1717,169,7,1781,34,55
142,0,1,1,47,0,470,48,5,479,5,17
0,0,0,0,0,0,0,0,0,0,0,0
372,0,0,0,20,1,968,84,1,1012,7,12
7,0,0,0,11,0,18,8,3,18,2,8
659,0,1,0,70,1,1345,147,14,1389,5,9
7,0,0,0,6,0,13,2,0,13,0,0
0,0,0,0,0,0,0,0,0,0,0,0
225,0,0,0,32,0,709,96,6,744,16,11
0,0,0,0,0,0,0,0,0,0,0,0
96,0,2,2,41,1,326,58,18,334,32,75
0,0,0,0,0,0,1,0,0,1,0,1
362,0,0,0,94,0,937,117,3,990,5,9
615,0,0,0,2,0,257,205,0,677,0,0
1,0,0,0,1,0,4,1,0,4,0,0
0,0,0,0,0,0,0,0,0,0,0,0
7,0,0,0,2,0,18,1,0,19,2,5
518,0,0,0,6,0,573,278,2,943,0,0
4,0,0,0,0,0,16,2,0,16,0,0
0,0,0,0,0,0,0,0,0,0,0,0
50,0,5,5,28,1,178,30,12,185,20,46
0,0,0,0,0,0,0,0,0,0,0,0
557,0,7,7,179,2,1629,259,63,1731,68,69
283,0,1,0,85,0,505,79,8,533,4,12
143,0,5,7,70,4,467,89,12,483,48,100
0,0,0,0,0,0,0,0,0,0,0,0
0,0,0,0,0,0,0,0,0,0,0,0
111,0,1,6,70,2,384,89,18,422,32,68
157,0,3,11,127,3,549,131,33,560,59,106
0,0,0,0,0,0,0,0,0,0,0,0
35,1,2,2,43,2,133,26,12,137,22,48
41,0,0,0,10,0,131,29,1,132,3,3
0,0,0,0,0,0,0,0,0,0,0,0
131,0,5,12,59,4,452,60,10,455,66,126
342,0,1,0,17,0,790,73,4,824,3,10
0,0,0,0,0,0,0,0,0,0,0,0
288,0,0,1,107,0,951,97,31,971,13,7
29,0,1,0,27,1,109,14,12,111,2,17
617,0,1,2,110,0,1999,238,9,2097,3,10
0,0,0,0,0,0,0,0,0,0,0,0
15,0,0,0,13,0,40,5,4,41,7,17
241,0,0,0,43,0,647,58,5,669,4,7
43,1,1,0,21,0,171,28,5,172,4,18
511,0,1,1,98,0,1397,224,17,1456,8,5
0,0,0,0,0,0,2,0,0,2,0,0
74,1,0,1,56,0,261,66,12,264,16,26
0,0,0,0,0,0,0,0,0,0,0,0
312,0,1,0,22,0,655,68,3,675,7,17
0,0,0,0,0,0,0,0,0,0,0,0
3,0,0,0,3,0,13,2,0,15,1,4
138,0,1,1,39,0,447,61,7,482,20,8
5,0,0,0,0,0,12,1,0,12,0,0
371,0,2,0,52,0,1120,134,4,1162,3,3
0,0,0,0,0,0,0,0,0,0,0,0
102,0,0,0,26,0,343,46,0,347,0,1
142,0,2,2,63,0,482,59,25,495,13,36
45,0,1,2,18,0,209,24,5,210,16,55
605,0,0,0,2,0,712,384,0,1130,0,0
92,0,1,0,35,1,228,58,1,238,1,6
0,0,0,0,0,0,0,0,0,0,0,0
0,0,0,0,0,0,0,0,0,0,0,0
0,0,0,0,0,0,0,0,0,0,0,0
21,0,0,0,6,0,71,7,2,76,0,8
521,0,1,2,117,0,1135,120,19,1160,21,55
220,0,0,0,40,0,399,77,4,401,3,8
582,0,7,0,136,0,1384,226,27,1405,12,42
74,0,0,5,39,0,323,30,10,330,36,82
287,0,0,0,2,0,129,91,1,332,0,0
440,0,5,4,183,1,1192,142,76,1279,38,70
302,0,1,2,71,0,906,118,10,943,20,35
5,0,0,0,15,0,43,9,7,43,3,11
231,0,1,0,74,0,612,99,16,627,6,22
498,0,8,3,102,1,1345,168,33,1375,16,47
0,0,0,0,0,0,0,0,0,0,0,0
484,0,0,0,46,0,1349,118,4,1386,10,23
0,0,0,0,0,0,0,0,0,0,0,0
0,0,0,0,0,0,0,0,0,0,0,0
7,0,0,0,6,0,28,4,3,28,0,4
318,0,0,0,2,0,421,191,0,652,0,0
333,0,6,3,116,0,798,232,54,829,27,55
425,0,1,3,85,0,1210,190,16,1254,22,11
127,0,3,2,59,0,506,111,22,512,16,37
464,1,6,3,125,1,1189,206,27,1237,31,39
452,0,0,1,69,1,1096,143,12,1129,14,21
303,0,1,2,60,0,841,118,3,856,26,26
0,0,0,0,0,0,0,0,0,0,0,0
306,0,4,0,72,0,912,104,7,962,12,7
82,0,2,2,52,0,186,48,20,188,5,18
618,0,0,0,3,0,698,326,0,1047,0,0
3,0,0,0,5,0,17,5,2,17,0,0
21,0,0,0,0,0,19,18,0,36,0,0
279,0,1,7,70,1,806,132,21,819,32,80
374,0,0,1,104,0,809,128,28,818,4,17
179,0,5,6,157,2,734,95,68,735,35,124
207,1,1,13,95,1,664,100,32,669,79,158
194,0,0,1,53,0,422,78,8,445,9,2
361,0,0,3,48,0,707,97,8,735,10,19
0,0,0,0,0,0,0,0,0,0,0,0
206,0,1,0,69,0,611,83,10,631,7,33
0,0,0,0,0,0,0,0,0,0,0,0
111,0,1,8,62,0,401,56,8,445,34,80
0,0,0,0,0,0,0,0,0,0,0,0
62,0,5,3,147,1,418,68,79,432,28,70
4,0,1,0,5,1,21,5,2,21,1,2
5,0,0,0,6,0,22,7,5,23,3,7
10,0,1,0,14,0,45,6,4,45,0,4
0,0,0,0,0,0,0,0,0,0,0,0
0,0,0,0,0,0,0,0,0,0,0,0
153,0,4,1,38,2,361,65,16,392,8,8
22,0,0,1,6,0,90,11,2,96,7,7
3,0,0,0,2,0,15,3,1,15,1,2
189,0,1,0,32,0,421,55,6,429,2,8
81,0,2,0,63,0,172,40,4,178,6,13
88,0,0,1,71,0,391,55,23,394,7,14
0,0,0,0,0,0,0,0,0,0,0,0
666,0,0,4,68,1,1690,159,8,1749,19,34
0,0,0,0,0,0,0,0,0,0,0,0
0,0,0,0,0,0,0,0,0,0,0,0
1,0,0,0,0,0,4,1,0,4,1,0
345,0,3,2,82,0,808,187,16,832,24,44
20,0,0,0,4,0,58,6,1,58,1,1
227,0,5,0,37,0,502,105,3,521,9,6
39,0,0,2,30,2,119,28,8,120,17,29
0,0,0,0,0,0,0,0,0,0,0,0
551,0,5,2,102,1,1467,200,17,1531,10,41
53,0,0,0,28,0,155,25,5,155,9,27
0,0,0,0,0,0,0,0,0,0,0,0
0,0,0,0,0,0,0,0,0,0,0,0
148,0,1,0,25,1,396,48,5,402,3,7
5,0,0,0,5,0,21,5,1,21,0,1
2,0,0,0,2,0,8,2,0,8,3,4
57,1,1,7,59,2,246,35,8,255,37,88
213,0,0,1,43,0,483,100,12,487,13,19
195,0,0,0,2,0,121,87,0,295,0,0
12,0,0,0,5,0,38,6,1,40,1,0
193,0,0,0,16,0,449,45,1,463,1,3
141,0,1,0,45,1,507,63,24,509,9,31
157,0,0,0,66,0,409,63,17,418,5,17
159,0,0,2,84,0,446,44,36,455,6,19
165,0,0,0,1,0,122,67,0,232,0,0
7,0,0,0,1,0,15,1,1,16,0,0
356,2,4,6,100,1,1089,121,41,1149,35,107
15,1,0,0,10,0,45,3,1,48,4,12
0,0,0,0,0,0,0,0,0,0,0,0
0,0,0,0,0,0,0,0,0,0,0,0
370,0,4,14,140,1,1100,168,41,1132,49,98
595,0,2,1,31,0,1742,180,1,1798,22,60
265,0,4,0,129,0,1065,160,50,1074,2,34
70,0,1,0,46,0,230,51,16,232,7,31
0,0,0,0,0,0,0,0,0,0,0,0
10,0,0,0,3,0,27,5,0,27,0,0
90,0,3,2,101,0,252,95,47,255,20,49
112,0,0,2,27,0,329,49,2,330,2,3
1,0,0,0,1,0,3,1,0,3,0,1
0,0,0,0,0,0,0,0,0,0,0,0
790,0,1,3,145,1,1768,226,44,1844,37,67
356,0,2,2,35,1,886,82,7,947,11,14
80,0,0,2,44,0,314,52,6,319,15,27
573,0,3,2,127,0,1751,287,20,1857,20,13
193,0,1,0,80,0,690,118,22,708,8,34
31,0,0,0,12,0,75,8,1,77,1,4
96,0,0,1,23,0,288,46,4,314,5,10
0,0,0,0,0,0,0,0,0,0,0,0
464,0,0,2,35,0,1041,88,4,1078,11,19
0,0,0,0,0,0,0,0,0,0,0,0
0,0,0,0,0,0,0,0,0,0,0,0
0,0,0,0,0,0,0,0,0,0,0,0
0,0,0,0,0,0,0,0,0,0,0,0
51,0,0,0,21,0,176,24,1,181,2,9
0,0,0,0,0,0,0,0,0,0,0,0
0,0,0,0,0,0,0,0,0,0,0,0
369,0,0,0,72,0,881,99,14,923,1,16
6,0,0,0,14,1,33,1,2,34,10,15
4,0,0,0,1,0,19,2,0,19,0,0
13,0,0,0,0,0,21,4,0,22,0,0
133,0,5,1,79,1,347,67,31,375,28,25
0,0,0,0,1,0,2,0,0,2,0,0
424,0,1,2,49,1,1010,138,9,1058,21,32
616,0,0,1,25,0,1870,114,0,1926,9,26
492,0,2,1,169,0,1129,227,22,1144,10,21
11,0,0,0,5,0,38,8,1,38,2,1
130,4,6,11,99,0,676,96,41,723,66,202
97,0,0,0,6,0,179,25,1,191,0,0
327,0,2,0,85,1,1035,155,11,1065,9,13
797,0,0,0,3,0,539,286,0,1087,0,0
362,0,1,0,54,0,930,116,4,961,11,21
143,0,2,4,104,2,395,81,34,411,26,90
0,0,0,0,0,0,0,0,0,0,0,0
0,0,0,0,0,0,0,0,0,0,0,0
62,0,1,0,38,0,289,49,12,296,6,22
101,0,0,0,18,0,282,54,7,283,3,11
63,0,1,1,22,0,163,30,4,167,3,8
390,0,3,4,109,2,1398,177,17,1434,21,35
69,0,1,1,47,1,202,29,12,225,19,50
339,0,0,0,53,0,652,98,3,672,6,11
0,0,0,0,0,0,0,0,0,0,0,0
72,0,1,3,39,0,241,54,9,249,16,36
18,0,2,1,6,0,73,13,2,78,9,13
53,0,0,0,8,0,129,10,0,137,0,0
0,0,0,0,0,0,0,0,0,0,0,0
0,0,0,0,0,0,0,0,0,0,0,0
35,0,0,0,16,0,71,17,1,72,1,2
673,2,6,14,206,6,2195,140,81,2308,77,111
110,0,4,3,48,1,277,49,22,298,15,23
25,0,0,0,8,0,59,11,3,60,3,6
46,0,0,0,6,0,107,12,1,110,2,3
379,0,0,0,0,0,395,198,0,654,0,0
10,0,0,0,1,0,30,1,0,31,0,0
4,0,0,0,2,0,14,4,0,14,0,3
0,0,0,0,0,0,0,0,0,0,0,0
0,0,0,0,0,0,0,0,0,0,0,0
65,1,0,1,40,2,205,27,16,212,16,32
464,0,2,0,35,0,1238,105,4,1299,12,36
269,0,0,0,32,0,668,74,4,689,1,6
0,0,0,0,0,0,0,0,0,0,0,0
0,0,0,0,0,0,1,1,0,1,0,0
12,0,0,2,9,0,58,16,1,62,7,10
0,0,0,0,0,0,0,0,0,0,0,0
51,0,0,0,10,0,119,15,1,121,1,1
306,0,0,4,149,0,823,184,53,843,37,43
0,0,0,0,0,0,0,0,0,0,0,0
149,0,0,0,30,0,255,55,4,265,3,4
390,0,0,0,7,0,164,153,2,458,0,0
120,0,1,7,154,5,623,112,50,632,56,108
0,0,0,0,0,0,0,0,0,0,0,0
143,0,2,5,36,0,469,66,11,479,26,43
151,0,0,0,14,0,252,51,4,271,0,0
253,3,2,8,153,2,846,160,29,851,59,134
420,0,1,1,101,0,1405,142,7,1449,12,20
414,0,1,0,178,1,797,131,19,808,13,28
611,0,0,1,42,0,1628,151,6,1657,7,28
153,1,2,3,120,1,491,128,44,496,41,76
0,0,0,0,1,0,1,0,0,1,0,0
486,0,0,0,42,0,1138,115,3,1179,3,6
199,2,1,8,76,3,572,117,23,576,59,86
0,0,0,0,0,0,0,0,0,0,0,0
159,0,1,9,53,0,390,40,8,400,41,100
346,0,1,1,103,0,914,143,9,976,11,7
288,1,2,0,60,0,954,118,12,993,9,29
0,0,0,0,0,0,0,0,0,0,0,0
535,0,0,1,46,0,1083,153,1,1120,7,15
406,0,0,0,26,0,1186,97,2,1221,4,9
0,0,0,0,0,0,0,0,0,0,0,0
446,0,0,0,5,1,606,264,1,1040,0,0
58,0,0,1,52,1,181,31,9,184,8,21
1,0,0,0,0,0,3,0,0,3,0,0
18,0,0,0,11,1,81,13,4,82,2,8
502,0,0,1,39,0,1321,132,2,1351,17,28
82,0,3,2,38,0,272,44,16,286,14,36
0,0,0,0,0,0,0,0,0,0,0,0
828,0,0,0,6,0,494,338,0,1104,0,1
30,0,0,1,6,0,90,19,1,92,7,9
366,0,0,2,29,1,864,79,4,886,7,14
116,1,1,2,136,2,631,97,15,638,53,102
95,0,0,0,28,0,223,30,6,225,1,7
161,0,1,1,75,1,445,84,25,459,16,18
197,1,6,9,97,2,694,125,28,704,32,81
152,0,0,0,33,0,299,54,4,325,5,9
945,0,2,2,45,1,2474,166,5,2574,20,44
174,0,1,1,67,0,504,109,12,521,22,31
0,0,0,0,0,0,0,0,0,0,0,0
0,0,0,0,0,0,0,0,0,0,0,0
26,1,0,1,69,1,295,43,19,300,24,84
68,0,0,1,21,0,170,30,3,173,2,6
0,0,0,0,0,0,0,0,0,0,0,0
0,0,0,0,0,0,0,0,0,0,0,0
464,0,5,3,119,1,1288,156,31,1326,14,38
669,0,3,1,84,0,1705,179,7,1773,12,24
26,0,0,0,1,0,17,21,0,46,0,0
0,0,0,0,0,0,0,0,0,0,0,0
0,0,0,0,0,0,0,0,0,0,0,0
0,0,0,0,0,0,0,0,0,0,0,0
324,0,0,2,27,0,760,108,2,782,9,9
147,0,1,1,72,0,392,87,17,394,11,21
3,0,0,0,2,0,11,2,1,11,0,1
0,0,0,0,0,0,0,0,0,0,0,0
110,0,1,0,140,4,340,100,52,352,21,48
81,0,0,2,23,0,230,39,9,235,8,12
70,0,1,1,62,3,327,67,33,332,16,28
282,0,0,0,25,0,743,99,3,778,3,11
511,1,4,5,130,2,1700,156,35,1752,36,29
151,0,4,7,55,1,471,72,15,476,44,98
65,0,1,0,42,0,246,33,8,247,11,18
33,0,0,0,18,1,116,31,6,118,5,22
221,0,1,2,126,0,562,132,23,597,23,67
144,1,1,8,134,1,521,71,52,538,66,101
584,0,2,0,99,0,1092,164,17,1112,1,6
132,0,3,5,67,1,461,99,28,462,25,74
1,0,0,0,1,1,2,0,0,2,1,1
432,0,0,0,41,0,1085,114,7,1110,3,9
3,0,0,0,5,0,9,2,1,10,2,4
0,0,0,0,0,0,0,0,0,0,0,0
168,0,1,1,51,0,653,62,10,677,8,6
379,0,1,1,104,0,845,178,29,852,8,14
70,0,0,1,11,0,158,25,2,160,2,3
222,0,4,4,101,0,721,108,18,778,30,51
123,0,0,0,2,0,89,50,0,162,0,0
0,0,0,0,0,0,0,0,0,0,0,0
0,0,0,0,0,0,0,0,0,0,0,0
52,0,0,1,30,0,210,31,7,214,12,13
106,0,0,0,45,1,296,52,8,298,9,15
469,0,2,2,125,0,1255,169,19,1268,13,33
25,0,0,0,18,0,54,15,1,58,1,0
326,0,0,1,74,0,1129,179,6,1150,8,14
0,0,0,0,0,0,0,0,0,0,0,0
71,0,0,1,29,0,264,39,4,278,17,18
0,0,0,0,0,0,0,0,0,0,0,0
19,0,0,0,9,0,58,12,4,62,10,22
2,0,0,0,0,0,4,2,0,4,2,2
135,0,0,7,23,0,332,35,2,336,30,78
593,0,3,0,102,0,2010,210,8,2131,10,4
13,0,0,0,3,0,21,5,1,21,1,2
0,0,0,0,0,0,0,0,0,0,0,0
0,0,0,0,0,0,0,0,0,0,0,0
534,0,0,0,7,0,380,298,1,841,0,0
368,0,6,4,117,2,1070,224,38,1148,18,48
243,0,1,1,12,0,1075,54,0,1096,4,7
120,1,2,0,57,1,401,72,10,411,12,37
47,1,3,1,50,1,170,34,14,176,25,47
0,0,0,0,0,0,0,0,0,0,0,0
1,0,0,0,0,0,7,1,0,7,0,0
0,0,0,0,0,0,0,0,0,0,0,0
0,0,0,0,0,0,0,0,0,0,0,0
47,0,0,6,23,1,144,32,9,145,24,57
2,0,0,0,0,0,3,0,0,3,0,1
450,0,0,0,71,0,1014,171,7,1049,5,2
63,0,2,0,7,0,225,21,1,231,6,1
147,0,6,4,89,1,500,80,19,523,23,33
37,0,1,2,31,0,135,15,11,139,10,21
601,0,0,2,50,0,1477,141,1,1547,7,19
0,0,0,0,0,0,0,0,0,0,0,0
46,0,0,0,11,0,156,21,2,162,3,10
18,0,1,1,19,0,83,18,6,84,8,15
0,0,0,0,0,0,0,0,0,0,0,0
159,0,0,0,32,0,472,60,3,481,3,6
174,0,3,2,71,0,708,95,31,722,27,45
298,0,0,0,0,0,114,101,0,342,0,0
279,1,0,3,41,0,705,122,7,726,16,32
0,0,0,0,0,0,0,0,0,0,0,0
0,0,0,0,1,0,0,0,0,0,0,0
131,0,1,0,39,0,347,81,5,352,2,7
0,0,0,0,0,0,0,0,0,0,0,0
148,1,1,0,55,0,587,84,9,609,20,41
297,0,0,0,1,0,130,78,0,331,0,0
295,0,0,1,48,0,648,125,14,656,14,21
0,0,0,0,0,0,0,0,0,0,0,0
42,0,0,0,17,1,109,24,2,115,3,4
100,0,0,1,37,1,305,43,15,306,8,42
82,2,1,7,61,2,300,30,14,321,27,69
0,0,0,0,0,0,0,0,0,0,0,0
138,2,1,9,131,1,586,92,43,587,58,133
107,0,4,2,50,0,365,52,10,398,5,2
267,0,1,0,30,0,521,52,4,532,5,19
0,0,0,0,0,0,0,0,0,0,0,0
349,0,2,1,107,1,1037,178,22,1065,29,20
401,0,2,3,56,2,991,145,14,1073,16,10
201,0,0,0,19,1,379,62,0,392,3,6
436,0,1,0,99,1,873,165,13,919,10,13
488,1,5,2,82,1,1271,195,10,1319,27,69
99,0,0,1,75,1,386,76,20,395,4,19
0,0,0,0,0,0,0,0,0,0,0,0
267,0,0,1,57,0,696,101,13,714,6,11
21,0,2,11,38,1,165,35,10,181,36,52
14,0,0,0,2,0,42,5,0,43,1,6
49,0,1,1,44,0,215,46,18,215,18,18
89,0,0,2,54,0,297,54,11,305,17,44
97,0,1,0,47,1,321,47,14,328,3,12
265,0,0,2,58,0,768,107,4,839,4,18
18,0,0,0,3,0,59,7,0,59,1,1
179,0,0,0,17,0,441,37,1,455,1,10
265,1,0,1,23,0,629,47,2,639,6,29
96,0,1,2,52,0,316,57,15,324,8,18
0,0,0,0,0,0,0,0,0,0,0,0
75,0,0,0,52,2,234,38,30,249,10,14
0,0,0,0,0,0,0,0,0,0,0,0
342,0,0,0,42,0,993,102,2,1051,2,15
394,0,2,0,76,1,751,136,4,764,12,38
375,1,0,0,107,0,1330,135,11,1387,6,10
293,0,0,0,156,1,599,152,39,607,8,21
308,0,0,0,64,1,1065,132,9,1087,13,18
157,1,2,1,123,2,542,104,27,556,35,55
71,0,1,0,14,0,200,22,3,204,2,6
14,0,0,0,26,0,51,19,13,51,6,17
17,0,0,0,8,0,80,10,1,85,4,21
151,0,1,1,33,0,350,73,5,383,12,13
455,1,7,4,114,1,1470,178,20,1581,28,54
136,0,1,0,36,0,371,40,3,380,1,9
17,0,0,0,12,0,46,12,7,48,3,5
0,0,0,0,0,0,0,0,0,0,0,0
147,0,0,0,41,0,485,65,4,506,4,0
140,0,0,1,35,1,375,63,12,394,19,16
0,0,0,0,0,0,3,0,0,3,0,0
7,0,0,1,27,0,58,12,9,63,5,16
40,0,1,0,18,0,110,23,1,111,6,14
0,0,0,0,0,0,0,0,0,0,0,0
210,1,5,10,151,1,640,124,36,642,54,111
873,0,1,2,71,0,2030,229,6,2101,10,33
322,0,2,0,48,0,917,90,5,955,6,30
164,0,1,0,77,0,363,81,12,368,0,4
333,0,0,0,62,0,890,116,4,921,7,12
479,0,5,1,156,0,1014,190,50,1027,5,32
0,0,0,0,0,0,0,0,0,0,0,0
0,0,0,0,0,0,0,0,0,0,0,0
223,0,0,0,47,1,616,109,4,631,9,1
216,1,1,4,175,1,882,168,56,904,40,69
454,0,1,0,44,1,1104,92,1,1147,10,20
593,0,2,4,170,1,1801,324,51,1888,41,24
325,1,0,10,123,5,806,163,36,881,65,92
423,0,0,0,81,0,1246,143,8,1355,9,5
53,0,1,5,67,0,213,44,32,218,23,26
612,0,0,0,118,0,1433,260,23,1476,8,23
310,1,0,1,39,0,652,127,5,689,11,24
48,0,0,0,1,0,270,22,0,272,1,1
273,0,0,0,84,0,837,122,14,867,5,6
509,0,2,0,85,0,1053,143,20,1147,3,23
14,0,0,0,2,0,38,6,0,40,0,0
261,0,2,1,84,0,1024,132,12,1053,7,11
5,0,0,0,0,0,9,1,0,9,0,1
0,0,0,0,0,0,1,0,0,1,0,0
377,1,1,0,122,0,679,125,42,686,6,31
90,0,1,1,30,2,337,50,5,337,22,36
317,0,0,1,51,0,844,103,8,857,10,10
18,0,0,1,22,0,77,13,7,91,15,32
0,0,0,0,0,0,0,0,0,0,0,0
247,0,0,1,43,0,834,94,13,846,6,1
61,0,0,0,0,0,41,23,0,86,0,0
171,0,0,0,63,0,543,71,22,553,5,10
0,0,0,0,0,0,0,0,0,0,0,0
0,0,0,0,1,0,13,3,1,13,0,2
298,0,0,0,5,0,354,211,0,610,0,0
43,0,1,0,15,0,91,17,6,94,0,0
697,0,0,0,17,0,512,398,3,1024,0,1
245,0,0,0,91,0,624,123,12,630,13,14
864,0,1,0,80,0,2344,246,14,2447,15,20
2,0,0,0,1,0,4,0,1,5,0,1
56,0,2,0,26,0,166,46,6,166,6,13
273,0,0,1,84,0,918,109,16,966,6,4
0,0,0,0,0,0,0,0,0,0,0,0
17,0,1,0,5,0,54,5,2,54,1,2
107,0,0,0,23,1,241,36,2,242,5,18
356,0,5,1,91,1,702,133,26,743,15,17
206,0,0,0,65,1,811,84,6,836,4,6
163,2,0,2,57,0,560,108,9,564,5,14
0,0,0,0,0,0,0,0,0,0,0,0
53,1,0,2,69,0,236,36,15,241,13,47
369,0,2,0,75,0,887,134,11,914,5,19
35,0,1,1,86,0,179,43,27,179,8,24
162,0,3,1,92,5,556,60,41,580,30,66
44,0,1,0,8,0,109,15,0,110,5,4
0,0,0,0,0,0,0,0,0,0,0,0
172,0,0,0,40,0,311,57,6,315,1,9
41,0,1,2,39,0,194,39,14,218,30,54
297,0,0,0,2,0,334,140,0,541,0,0
243,0,1,4,55,1,896,99,12,968,31,17
215,0,0,0,69,0,598,92,13,614,7,5
601,0,0,0,2,0,282,176,0,683,0,0
183,0,0,3,19,1,618,64,3,643,9,22
233,1,12,7,132,2,682,111,59,721,57,114
55,0,0,0,8,0,134,16,1,138,1,4
155,1,2,8,119,4,559,131,34,566,51,101
125,1,2,3,49,0,334,37,5,342,25,58
671,0,7,3,250,0,1911,275,82,2032,31,45
202,0,0,2,87,0,609,86,11,641,17,19
77,1,7,20,68,2,459,51,15,504,69,139
138,0,2,1,54,0,539,87,15,548,12,24
396,1,1,1,53,0,1029,78,2,1060,6,20
577,0,9,1,63,1,1392,176,14,1496,14,24
463,0,0,0,86,0,875,216,13,922,8,24
415,0,7,2,57,1,879,148,20,928,14,34
40,0,0,0,16,0,177,30,4,178,19,41
94,0,0,0,21,0,291,38,12,297,1,7
0,0,0,0,0,0,0,0,0,0,0,0
268,1,6,3,142,2,1010,94,54,1026,33,70
61,0,1,8,74,0,290,64,14,294,47,101
118,0,4,6,107,2,612,68,52,649,32,72
569,0,2,0,172,1,1799,231,30,1887,42,49
721,0,1,1,66,1,1686,147,6,1757,15,36
246,0,5,0,66,0,692,116,25,744,14,41
162,0,0,0,12,0,467,46,0,489,3,4
123,0,0,0,38,0,273,47,10,277,3,9
55,0,1,3,45,2,166,30,22,176,13,34
77,0,0,0,39,0,242,40,1,248,0,1
36,0,0,3,21,0,139,16,6,143,20,53
870,0,1,0,193,1,1834,219,29,1891,14,40
161,0,5,6,71,0,541,74,12,562,31,87
559,0,1,0,143,1,1185,153,29,1213,7,12
17,0,0,0,0,0,10,11,0,21,0,0
346,0,1,1,84,0,1017,133,38,1031,24,48
202,0,2,3,124,1,767,130,33,796,25,53
160,0,4,15,82,5,653,90,37,733,77,166
523,0,3,1,96,0,1381,141,33,1412,11,60
66,1,4,9,75,2,379,66,24,419,59,144
0,0,0,0,0,0,0,0,0,0,0,0
497,0,1,1,49,1,1138,129,4,1189,10,17
347,0,1,0,72,0,878,118,8,903,9,11
77,0,4,7,87,0,289,49,30,302,32,88
29,0,0,0,38,0,150,29,6,154,7,28
0,0,0,0,0,0,0,0,0,0,0,0
0,0,0,0,0,0,0,0,0,0,0,0
273,0,0,0,105,2,1003,144,18,1048,16,12
523,0,1,1,105,0,1421,192,8,1454,8,11
150,0,1,3,65,0,554,80,13,559,14,21
178,0,2,0,53,0,394,94,8,397,6,18
49,1,0,2,52,1,227,34,9,230,14,41
77,0,3,20,60,5,343,64,14,405,74,177
43,1,1,4,45,1,240,43,20,241,20,32
0,0,0,0,1,0,1,0,1,1,1,1
715,0,0,1,63,0,2079,176,9,2140,14,27
14,0,0,0,10,0,32,3,1,32,3,4
201,0,6,21,107,3,763,129,29,790,74,162
0,0,0,0,0,0,0,0,0,0,0,0
0,0,0,0,0,0,0,0,0,0,0,0
129,0,0,0,25,0,205,44,2,218,4,8
0,0,0,0,0,0,0,0,0,0,0,0
0,0,0,0,0,0,0,0,0,0,0,0
0,0,0,0,2,0,0,1,0,0,0,0
0,0,0,0,0,0,0,0,0,0,0,0
0,0,0,0,0,0,0,0,0,0,0,0
312,0,2,0,33,0,817,66,6,839,4,16
242,1,3,5,201,0,748,136,62,763,32,119
481,1,2,0,91,0,1153,170,32,1193,7,32
141,7,9,18,127,2,565,64,67,584,92,262
158,0,0,0,22,0,357,46,2,359,2,5
493,0,1,1,93,1,1258,169,3,1292,17,29
0,0,0,0,0,0,0,0,0,0,0,0
256,0,0,0,0,0,68,88,0,264,0,0
30,0,0,0,0,0,25,10,0,51,0,0
0,0,0,0,0,0,0,0,0,0,0,0
0,0,0,0,0,0,0,0,0,0,0,0
3,0,0,0,3,0,16,3,1,16,2,1
0,0,0,0,0,0,0,0,0,0,0,0
672,0,1,0,100,0,1938,185,14,2015,3,13
84,0,5,14,119,3,353,84,28,363,90,189
147,0,1,7,54,2,634,90,11,668,27,32
52,1,0,1,56,0,300,54,19,301,8,41
568,0,2,1,97,3,1198,175,24,1245,12,15
662,0,2,3,173,0,1971,229,27,2019,21,42
176,1,2,3,101,0,556,128,14,564,32,68
115,1,2,2,111,1,481,99,30,486,23,67
19,0,1,1,23,0,87,20,8,97,5,17
231,0,3,0,53,0,519,85,12,528,4,5
599,0,5,0,113,0,1360,222,24,1439,17,28
0,0,0,0,0,0,0,0,0,0,0,0
6,0,0,0,2,0,19,4,0,19,2,1
52,0,0,0,11,0,122,15,1,122,1,1
4,0,0,0,1,0,8,1,0,9,0,0
27,0,0,0,21,0,104,13,1,106,0,2
3,0,0,0,2,0,35,2,0,36,0,1
229,0,0,1,19,0,613,71,0,628,8,13
162,0,1,1,16,0,434,47,0,448,10,16
454,0,1,3,60,1,1012,156,2,1069,11,17
0,0,0,0,1,0,3,1,0,3,0,0
135,0,4,9,87,1,525,105,34,538,30,77
131,0,0,6,49,0,368,43,26,391,32,54
40,0,0,3,23,0,113,14,2,121,5,21
0,0,0,0,0,0,0,0,0,0,0,0
0,0,0,0,0,0,0,0,0,0,1,1
66,0,1,1,68,1,234,41,16,242,11,38
580,0,3,4,149,0,1787,273,33,1848,22,21
0,0,0,0,0,0,0,0,0,0,0,0
94,0,3,2,75,0,434,84,28,439,22,41
312,0,0,0,0,0,207,142,0,449,0,0
72,1,2,14,62,1,348,50,14,396,45,91
0,0,0,0,0,0,0,0,0,0,0,0
64,0,0,0,50,0,225,25,8,242,13,47
309,0,6,5,201,0,977,177,77,998,58,137
165,0,1,2,98,1,597,138,41,603,29,75
6,0,0,0,3,0,9,1,0,9,0,0
0,0,0,0,0,0,0,0,0,0,0,0
302,0,1,0,50,0,756,102,21,777,8,28
495,0,3,2,125,2,1609,204,18,1763,21,23
315,1,6,3,140,1,902,151,45,963,26,71
242,0,2,1,72,0,989,110,10,1022,20,17
87,0,2,0,42,0,295,53,25,306,10,15
